<metadata xml:lang="de"><Esri><CreaDate>20200529</CreaDate><CreaTime>12161100</CreaTime><ArcGISFormat>1.0</ArcGISFormat><SyncOnce>FALSE</SyncOnce><DataProperties><itemProps><itemName Sync="TRUE">Tannenareale</itemName><imsContentType Sync="TRUE">002</imsContentType><itemLocation><linkage Sync="TRUE">file://\\Vu00503a.adb.intra.admin.ch\BAFU-Archive$\GIS\GIS-Fachstelle\JZ\Geodaten und Lizenzbedinungen_Internet\Wald\Vegetationshöhenstufen\Tannenareale\Tannenareale.shp</linkage><protocol Sync="TRUE">Local Area Network</protocol></itemLocation><itemSize Sync="TRUE">0.000</itemSize></itemProps><coordRef><type Sync="TRUE">Projected</type><geogcsn Sync="TRUE">GCS_CH1903+</geogcsn><csUnits Sync="TRUE">Linear Unit: Meter (1.000000)</csUnits><peXml Sync="TRUE">&lt;ProjectedCoordinateSystem xsi:type='typens:ProjectedCoordinateSystem' xmlns:xsi='http://www.w3.org/2001/XMLSchema-instance' xmlns:xs='http://www.w3.org/2001/XMLSchema' xmlns:typens='http://www.esri.com/schemas/ArcGIS/10.4'&gt;&lt;WKT&gt;PROJCS[&amp;quot;CH1903+_LV95&amp;quot;,GEOGCS[&amp;quot;GCS_CH1903+&amp;quot;,DATUM[&amp;quot;D_CH1903+&amp;quot;,SPHEROID[&amp;quot;Bessel_1841&amp;quot;,6377397.155,299.1528128]],PRIMEM[&amp;quot;Greenwich&amp;quot;,0.0],UNIT[&amp;quot;Degree&amp;quot;,0.0174532925199433]],PROJECTION[&amp;quot;Hotine_Oblique_Mercator_Azimuth_Center&amp;quot;],PARAMETER[&amp;quot;False_Easting&amp;quot;,2600000.0],PARAMETER[&amp;quot;False_Northing&amp;quot;,1200000.0],PARAMETER[&amp;quot;Scale_Factor&amp;quot;,1.0],PARAMETER[&amp;quot;Azimuth&amp;quot;,90.0],PARAMETER[&amp;quot;Longitude_Of_Center&amp;quot;,7.439583333333333],PARAMETER[&amp;quot;Latitude_Of_Center&amp;quot;,46.95240555555556],UNIT[&amp;quot;Meter&amp;quot;,1.0],AUTHORITY[&amp;quot;EPSG&amp;quot;,2056]]&lt;/WKT&gt;&lt;XOrigin&gt;-27386400&lt;/XOrigin&gt;&lt;YOrigin&gt;-32067900&lt;/YOrigin&gt;&lt;XYScale&gt;140996569.55187955&lt;/XYScale&gt;&lt;ZOrigin&gt;-100000&lt;/ZOrigin&gt;&lt;ZScale&gt;10000&lt;/ZScale&gt;&lt;MOrigin&gt;-100000&lt;/MOrigin&gt;&lt;MScale&gt;10000&lt;/MScale&gt;&lt;XYTolerance&gt;0.001&lt;/XYTolerance&gt;&lt;ZTolerance&gt;0.001&lt;/ZTolerance&gt;&lt;MTolerance&gt;0.001&lt;/MTolerance&gt;&lt;HighPrecision&gt;true&lt;/HighPrecision&gt;&lt;WKID&gt;2056&lt;/WKID&gt;&lt;LatestWKID&gt;2056&lt;/LatestWKID&gt;&lt;/ProjectedCoordinateSystem&gt;</peXml><projcsn Sync="TRUE">CH1903+_LV95</projcsn></coordRef><lineage><Process ToolSource="c:\programme\arcgis\desktop10.1\ArcToolbox\Toolboxes\Analysis Tools.tbx\Clip" Date="20130411" Time="130123">Clip StandortregionenSchweiz CH_Flaeche "N:\Projekte\050-059\59_01_Klimaprojekt BAFU_WSL\GIS\Klimaprojektgeodaten.mdb\StandortregionenSchweizClip" #</Process><Process ToolSource="c:\programme\arcgis\desktop10.1\ArcToolbox\Toolboxes\Data Management Tools.tbx\Project" Date="20130411" Time="133504">Project StandortregionenSchweiz "N:\Projekte\050-059\59_01_Klimaprojekt BAFU_WSL\GIS\Klimaprojektgeodaten.mdb\StandortregionenSchweizCH03" PROJCS['CH1903_LV03',GEOGCS['GCS_CH1903',DATUM['D_CH1903',SPHEROID['Bessel_1841',6377397.155,299.1528128]],PRIMEM['Greenwich',0.0],UNIT['Degree',0.0174532925199433]],PROJECTION['Hotine_Oblique_Mercator_Azimuth_Center'],PARAMETER['False_Easting',600000.0],PARAMETER['False_Northing',200000.0],PARAMETER['Scale_Factor',1.0],PARAMETER['Azimuth',90.0],PARAMETER['Longitude_Of_Center',7.439583333333333],PARAMETER['Latitude_Of_Center',46.95240555555556],UNIT['Meter',1.0]] CH1903_To_CH1903+_1_NTv2 GEOGCS['GCS_CH1903+',DATUM['D_CH1903+',SPHEROID['Bessel_1841',6377397.155,299.1528128]],PRIMEM['Greenwich',0.0],UNIT['Degree',0.0174532925199433],METADATA['Europe - Liechtenstein and Switzerland',5.97,45.83,10.49,47.81,0.0,0.0174532925199433,0.0,1286]]</Process><Process ToolSource="c:\programme\arcgis\desktop10.1\ArcToolbox\Toolboxes\Data Management Tools.tbx\RepairGeometry" Date="20130411" Time="133805">RepairGeometry StandortregionenSchweizCH03 DELETE_NULL</Process><Process ToolSource="c:\program files (x86)\arcgis\desktop10.1\ArcToolbox\Toolboxes\Data Management Tools.tbx\CalculateField" Date="20131231" Time="104706">CalculateField "Tannenareal Schweiz" Tannenareal "Nebenareal" VB #</Process><Process ToolSource="c:\program files (x86)\arcgis\desktop10.1\ArcToolbox\Toolboxes\Data Management Tools.tbx\CalculateField" Date="20131231" Time="123343">CalculateField "Tannenareal Schweiz" Kombi "[Tannenareal]&amp; [Standortregion]" VB #</Process><Process ToolSource="c:\program files (x86)\arcgis\desktop10.1\ArcToolbox\Toolboxes\Data Management Tools.tbx\CalculateField" Date="20140102" Time="085427">CalculateField "Standortregionen Schweiz" StoregKombi [Standortregion] VB #</Process><Process ToolSource="c:\program files (x86)\arcgis\desktop10.1\ArcToolbox\Toolboxes\Data Management Tools.tbx\CalculateField" Date="20140102" Time="085446">CalculateField "Standortregionen Schweiz" StoregKombi "5a*" VB #</Process><Process ToolSource="c:\program files (x86)\arcgis\desktop10.2\ArcToolbox\Toolboxes\Data Management Tools.tbx\CalculateField" Date="20141223" Time="131936">CalculateField StandortregionenSchweiz2014 Buchenarea "mit Buche" VB #</Process><Process ToolSource="c:\program files (x86)\arcgis\desktop10.2\ArcToolbox\Toolboxes\Data Management Tools.tbx\CalculateField" Date="20141223" Time="132021">CalculateField StandortregionenSchweiz2014 Buchenarea "ohne Buche" VB #</Process><Process ToolSource="c:\program files (x86)\arcgis\desktop10.2\ArcToolbox\Toolboxes\Data Management Tools.tbx\CalculateField" Date="20141223" Time="132402">CalculateField StandortregionenSchweiz2014 Buchenarea "mit Buche" VB #</Process><Process ToolSource="c:\program files (x86)\arcgis\desktop10.4\ArcToolbox\Toolboxes\Data Management Tools.tbx\CalculateField" Date="20180319" Time="135251">CalculateField "Buchenareal Schweiz" bu 1 VB #</Process><Process ToolSource="c:\program files (x86)\arcgis\desktop10.6\ArcToolbox\Toolboxes\Data Management Tools.tbx\CalculateField" Date="20191221" Time="084006">CalculateField "Tannenareal Schweiz" Tannenarea "Nebenareal" VB #</Process><Process ToolSource="c:\program files (x86)\arcgis\desktop10.6\ArcToolbox\Toolboxes\Data Management Tools.tbx\Dissolve" Date="20191221" Time="093128">Dissolve D:\CCW20\GIS\StandortregionenCH20191219.shp D:\CCW20\GIS\StandortregionenCH20191221.shp Standortre;Tannenarea;Kombi;StoregKomb;Buchenarea;bu # SINGLE_PART DISSOLVE_LINES</Process><Process ToolSource="c:\program files (x86)\arcgis\desktop10.6\ArcToolbox\Toolboxes\Data Management Tools.tbx\CalculateField" Date="20200112" Time="170109">CalculateField "Standortregionen Schweiz" ta 1 VB #</Process><Process ToolSource="c:\program files (x86)\arcgis\desktop10.6\ArcToolbox\Toolboxes\Data Management Tools.tbx\CalculateField" Date="20200112" Time="170120">CalculateField "Standortregionen Schweiz" ta 2 VB #</Process><Process ToolSource="c:\program files (x86)\arcgis\desktop10.6\ArcToolbox\Toolboxes\Data Management Tools.tbx\CalculateField" Date="20200112" Time="170130">CalculateField "Standortregionen Schweiz" ta 3 VB #</Process><Process ToolSource="c:\program files (x86)\arcgis\desktop10.7\ArcToolbox\Toolboxes\Data Management Tools.tbx\Dissolve" Date="20200529" Time="122223">Dissolve StandortregionenCH20191223_LV95 D:\CCW20\export\Waldstandortsregionen20200529\Tannenareale.shp ta # MULTI_PART DISSOLVE_LINES</Process><Process Name="Join Field" ToolSource="c:\program files (x86)\arcgis\desktop10.7\ArcToolbox\Toolboxes\Data Management Tools.tbx\JoinField" Date="20200529" Time="122356">JoinField Tannenareale ta D:\CCW20\export\Waldstandortsregionen2019\Tannenareale.shp Code_Ta Areal_de;Areal_fr;Areal_it;Areal_en;Code_Ta</Process><Process Name="Delete Field" ToolSource="c:\program files (x86)\arcgis\desktop10.7\ArcToolbox\Toolboxes\Data Management Tools.tbx\DeleteField" Date="20200529" Time="122441">DeleteField Tannenareale ta</Process><Process ToolSource="c:\program files (x86)\arcgis\desktop10.7\ArcToolbox\Toolboxes\Data Management Tools.tbx\RepairGeometry" Date="20200603" Time="184357">RepairGeometry Tannenareale DELETE_NULL</Process></lineage><copyHistory><copy source="D:\CCW18\GIS\StandortregionenCH20150303" dest="\\MOBILAB-415A\D$\CCW20\GIS\StandortregionenCH20150303" date="20191219" time="17531800"></copy></copyHistory></DataProperties><SyncDate>20200604</SyncDate><SyncTime>15425400</SyncTime><ModDate>20200604</ModDate><ModTime>15425400</ModTime></Esri><dataIdInfo><envirDesc Sync="TRUE"> Version 6.2 (Build 9200) ; Esri ArcGIS 10.4.1.5686</envirDesc><dataLang><languageCode value="deu" Sync="TRUE"></languageCode><countryCode value="CHE" Sync="TRUE"></countryCode></dataLang><idCitation><resTitle Sync="TRUE">Tannenareale</resTitle><presForm><PresFormCd value="005" Sync="TRUE"></PresFormCd></presForm></idCitation><spatRpType><SpatRepTypCd value="001" Sync="TRUE"></SpatRepTypCd></spatRpType></dataIdInfo><mdLang><languageCode value="deu" Sync="TRUE"></languageCode><countryCode value="CHE" Sync="TRUE"></countryCode></mdLang><distInfo><distFormat><formatName Sync="TRUE">Shapefile</formatName></distFormat><distTranOps><transSize Sync="TRUE">0.000</transSize></distTranOps><distributor><distorTran><onLineSrc><linkage Sync="TRUE">file://</linkage><protocol Sync="TRUE">Local Area Network</protocol></onLineSrc></distorTran></distributor></distInfo><mdHrLv><ScopeCd value="005" Sync="TRUE"></ScopeCd></mdHrLv><mdHrLvName Sync="TRUE">dataset</mdHrLvName><refSysInfo><RefSystem><refSysID><identCode code="2056" Sync="TRUE"></identCode><idCodeSpace Sync="TRUE">EPSG</idCodeSpace><idVersion Sync="TRUE">8.8(8.1.0)</idVersion></refSysID></RefSystem></refSysInfo><spatRepInfo><VectSpatRep><geometObjs Name="Tannenareale"><geoObjTyp><GeoObjTypCd value="002" Sync="TRUE"></GeoObjTypCd></geoObjTyp><geoObjCnt Sync="TRUE">0</geoObjCnt></geometObjs><topLvl><TopoLevCd value="001" Sync="TRUE"></TopoLevCd></topLvl></VectSpatRep></spatRepInfo><spdoinfo><ptvctinf><esriterm Name="Tannenareale"><efeatyp Sync="TRUE">Simple</efeatyp><efeageom code="4" Sync="TRUE"></efeageom><esritopo Sync="TRUE">FALSE</esritopo><efeacnt Sync="TRUE">0</efeacnt><spindex Sync="TRUE">FALSE</spindex><linrefer Sync="TRUE">FALSE</linrefer></esriterm></ptvctinf></spdoinfo><eainfo><detailed Name="Tannenareale"><enttyp><enttypl Sync="TRUE">Tannenareale</enttypl><enttypt Sync="TRUE">Feature Class</enttypt><enttypc Sync="TRUE">0</enttypc></enttyp><attr><attrlabl Sync="TRUE">FID</attrlabl><attalias Sync="TRUE">FID</attalias><attrtype Sync="TRUE">OID</attrtype><attwidth Sync="TRUE">4</attwidth><atprecis Sync="TRUE">0</atprecis><attscale Sync="TRUE">0</attscale><attrdef Sync="TRUE">Internal feature number.</attrdef><attrdefs Sync="TRUE">Esri</attrdefs><attrdomv><udom Sync="TRUE">Sequential unique whole numbers that are automatically generated.</udom></attrdomv></attr><attr><attrlabl Sync="TRUE">SHAPE</attrlabl><attalias Sync="TRUE">Shape</attalias><attrtype Sync="TRUE">Geometry</attrtype><attwidth Sync="TRUE">0</attwidth><atprecis Sync="TRUE">0</atprecis><attscale Sync="TRUE">0</attscale><attrdef Sync="TRUE">Feature geometry.</attrdef><attrdefs Sync="TRUE">Esri</attrdefs><attrdomv><udom Sync="TRUE">Coordinates defining the features.</udom></attrdomv></attr><attr><attrlabl Sync="TRUE">Areal_de</attrlabl><attalias Sync="TRUE">Areal_de</attalias><attrtype Sync="TRUE">String</attrtype><attwidth Sync="TRUE">50</attwidth><atprecis Sync="TRUE">0</atprecis><attscale Sync="TRUE">0</attscale></attr><attr><attrlabl Sync="TRUE">Areal_fr</attrlabl><attalias Sync="TRUE">Areal_fr</attalias><attrtype Sync="TRUE">String</attrtype><attwidth Sync="TRUE">50</attwidth><atprecis Sync="TRUE">0</atprecis><attscale Sync="TRUE">0</attscale></attr><attr><attrlabl Sync="TRUE">Areal_it</attrlabl><attalias Sync="TRUE">Areal_it</attalias><attrtype Sync="TRUE">String</attrtype><attwidth Sync="TRUE">50</attwidth><atprecis Sync="TRUE">0</atprecis><attscale Sync="TRUE">0</attscale></attr><attr><attrlabl Sync="TRUE">Areal_en</attrlabl><attalias Sync="TRUE">Areal_en</attalias><attrtype Sync="TRUE">String</attrtype><attwidth Sync="TRUE">50</attwidth><atprecis Sync="TRUE">0</atprecis><attscale Sync="TRUE">0</attscale></attr><attr><attrlabl Sync="TRUE">Code_Ta</attrlabl><attalias Sync="TRUE">Code_Ta</attalias><attrtype Sync="TRUE">Integer</attrtype><attwidth Sync="TRUE">10</attwidth><atprecis Sync="TRUE">10</atprecis><attscale Sync="TRUE">0</attscale></attr><attr><attrlabl Sync="TRUE">Shape_Leng</attrlabl><attalias Sync="TRUE">Shape_Leng</attalias><attrtype Sync="TRUE">Double</attrtype><attwidth Sync="TRUE">19</attwidth><atprecis Sync="TRUE">0</atprecis><attscale Sync="TRUE">0</attscale></attr><attr><attrlabl Sync="TRUE">Shape_Area</attrlabl><attalias Sync="TRUE">Shape_Area</attalias><attrtype Sync="TRUE">Double</attrtype><attwidth Sync="TRUE">19</attwidth><atprecis Sync="TRUE">0</atprecis><attscale Sync="TRUE">0</attscale><attrdef Sync="TRUE">Area of feature in internal units squared.</attrdef><attrdefs Sync="TRUE">Esri</attrdefs><attrdomv><udom Sync="TRUE">Positive real numbers that are automatically generated.</udom></attrdomv></attr></detailed></eainfo><mdDateSt Sync="TRUE">20200604</mdDateSt><mdChar><CharSetCd value="004" Sync="TRUE"></CharSetCd></mdChar><idinfo><citation><citeinfo><onlink Sync="TRUE"></onlink></citeinfo></citation></idinfo><dataqual><lineage><procstep><procdesc Sync="TRUE">Dataset copied.</procdesc><srcused Sync="TRUE"></srcused><procdate Sync="TRUE">20191223</procdate><proctime Sync="TRUE">08062900</proctime></procstep></lineage></dataqual></metadata>
